id,domain,email_id,outcome
1,examplecorp.com,ceo@examplecorp.com,safe
2,acmeinc.com,accounts@acmeinc.com,not safe
3,globalbizsolutions.net,finance@globalbizsolutions,safe
4,mycompanyllc.com,hr@mycompanyllc.com,not safe
5,techdynasty.org,admin@techdynasty.org,safe
6,cybersolutionsinc.net,ceo@cybersolutionsinc.net,not safe
7,securebankinggroup.com,finance@securebankinggroup,safe
8,exampleindustries.com,admin@exampleindustries.com,not safe
9,globaltechsolutions.org,ceo@globaltechsolutions.org,safe
10,innovativetechco.net,accounts@innovativetechco.net,not safe
11,consultingfirm.com,contact@consultingfirm.com,not safe
12,gamingcommunity.net,gamer@gamingcommunity.net,safe
13,charity.org,donations@charity.org,not safe
14,restaurant.com,reservations@restaurant.com,safe
15,freelancing.org,freelancer@freelancing.org,safe
16,e-commerce.com,support@e-commerce.com,not safe
17,startup.org,ceo@startup.org,safe
18,travelagency.com,info@travelagency.com,not safe
19,softwarecompany.net,support@softwarecompany.net,safe
20,fashionbrand.com,sales@fashionbrand.com,not safe
21,realtyfirm.net,agent@realtyfirm.net,safe
22,educationservices.org,studentinfo@educationservices.org,not safe
23,entertainment.com,tickets@entertainment.com,safe
24,musicstudio.net,recording@musicstudio.net,not safe
25,petstore.org,pets@petstore.org,safe
26,softwaredeveloper.com,dev@softwaredeveloper.com,safe
27,artgallery.org,curator@artgallery.org,not safe
28,sportsclub.com,membership@sportsclub.com,safe
29,cybersecurityfirm.net,info@cybersecurityfirm.net,not safe
30,newsportal.com,editor@newsportal.com,safe
31,marketingagency.com,contact@marketingagency.com,not safe
32,wellnesscenter.net,appointments@wellnesscenter.net,safe
33,technologyblog.org,editor@technologyblog.org,safe
34,constructionfirm.com,inquiries@constructionfirm.com,not safe
35,charityfoundation.org,support@charityfoundation.org,safe
36,automotivecompany.com,info@automotivecompany.com,not safe
37,bookshop.net,orders@bookshop.net,safe
38,fitnessclub.com,membership@fitnessclub.com,not safe
39,creativestudio.org,artist@creativestudio.org,safe
40,investmentfirm.com,clientservices@investmentfirm.com,not safe
41,musicfestival.net,tickets@musicfestival.net,safe
42,gamingplatform.com,support@gamingplatform.com,not safe
43,fooddelivery.com,orders@fooddelivery.com,safe
44,legalconsultancy.org,legal@legalconsultancy.org,safe
45,bloggingplatform.net,admin@bloggingplatform.net,not safe
46,telecommunications.com,support@telecommunications.com,safe
47,wellnessproducts.net,sales@wellnessproducts.net,not safe
48,marketingfirm.org,info@marketingfirm.org,safe
49,artstudio.com,artist@artstudio.com,not safe
50,fashiondesigner.net,designer@fashiondesigner.net,safe
51,technologycompany.org,contact@technologycompany.org,not safe
52,cookingwebsite.com,recipes@cookingwebsite.com,safe
53,petclinic.net,vet@petclinic.net,safe
54,financialservices.com,support@financialservices.com,not safe
55,newschannel.org,news@newschannel.org,safe
56,elearningplatform.com,support@elearningplatform.com,safe
57,petfoodstore.net,orders@petfoodstore.net,not safe
58,designagency.com,design@designagency.com,safe
59,automotiveindustry.net,info@automotiveindustry.net,not safe
60,publishinghouse.org,submissions@publishinghouse.org,safe
61,freelancers.com,inquiries@freelancers.com,not safe
62,tourismagency.net,bookings@tourismagency.net,safe
63,softwaredevelopment.com,info@softwaredevelopment.com,not safe
64,healthandwellness.org,support@healthandwellness.org,safe
65,socialnetwork.com,support@socialnetwork.com,not safe
66,eventplanner.net,events@eventplanner.net,safe
67,educationalinstitution.org,admissions@educationalinstitution.org,safe
68,hospitalityindustry.com,reservations@hospitalityindustry.com,not safe
69,animalshelter.org,adoption@animalshelter.org,safe
70,cybersecuritycompany.com,info@cybersecuritycompany.com,not safe
71,fashionretailer.net,support@fashionretailer.net,safe
72,streamingplatform.com,support@streamingplatform.com,not safe
73,designstudio.org,design@designstudio.org,safe
74,fitnesscenter.com,membership@fitnesscenter.com,not safe
75,entertainmentindustry.net,casting@entertainmentindustry.net,safe
76,propertymanagement.com,info@propertymanagement.com,not safe
77,nonprofitorganization.org,donations@nonprofitorganization.org,safe
78,technologyblog.com,editor@technologyblog.com,not safe
79,freelancemarketplace.net,support@freelancemarketplace.net,safe
80,transportationcompany.com,info@transportationcompany.com,not safe
81,cookingblog.org,recipes@cookingblog.org,safe
82,healthclinic.com,appointments@healthclinic.com,not safe
83,socialmediaplatform.net,support@socialmediaplatform.net,safe
84,gardeningwebsite.com,info@gardeningwebsite.com,safe
85,eventvenue.net,bookings@eventvenue.net,not safe
86,artgallery.com,events@artgallery.com,safe
87,educationinstitution.com,admissions@educationinstitution.com,not safe
88,softwarecompany.org,support@softwarecompany.org,safe
89,newspublication.com,editor@newspublication.com,not safe
90,petadoption.org,info@petadoption.org,safe
91,financialadvisor.net,advice@financialadvisor.net,not safe
92,travelblog.org,travel@travelblog.org,safe
93,healthinsurancecompany.com,info@healthinsurancecompany.com,not safe
94,videoproductionstudio.net,inquiries@videoproductionstudio.net,safe
95,charityfoundation.com,contact@charityfoundation.com,safe
96,codingbootcamp.org,admissions@codingbootcamp.org,not safe
97,sportswebsite.com,info@sportswebsite.com,safe
98,fashionmagazine.net,editor@fashionmagazine.net,not safe
99,animalrescue.org,info@animalrescue.org,safe
100,marketingagency.net,info@marketingagency.net,not safe
101,designagency.net,contact@designagency.net,safe
102,bloggingplatform.com,support@bloggingplatform.com,not safe
103,softwaredeveloper.org,info@softwaredeveloper.org,safe
104,fooddeliveryservice.com,orders@fooddeliveryservice.com,not safe
105,consultingfirm.net,info@consultingfirm.net,safe
106,travelagency.net,vacations@travelagency.net,not safe
107,artgallery.net,inquiries@artgallery.net,safe
108,ecommerceplatform.com,support@ecommerceplatform.com,not safe
109,healthandfitness.com,info@healthandfitness.com,safe
110,gamingcommunity.com,support@gamingcommunity.com,not safe
111,fashionbrand.net,inquiries@fashionbrand.net,safe
112,techstartup.org,founders@techstartup.org,not safe
113,realtycompany.com,info@realtycompany.com,safe
114,petcare.org,info@petcare.org,not safe
115,digitalmarketingagency.net,contact@digitalmarketingagency.net,safe
116,softwarecompany.com,info@softwarecompany.com,not safe
117,musicproductionstudio.com,bookings@musicproductionstudio.com,safe
118,educationalplatform.net,support@educationalplatform.net,not safe
119,eventplanningcompany.com,events@eventplanningcompany.com,safe
120,freelancemarketplace.com,support@freelancemarketplace.com,not safe
121,healthcareprovider.net,info@healthcareprovider.net,safe
122,photographywebsite.com,contact@photographywebsite.com,not safe
123,nonprofit.org,donations@nonprofit.org,safe
124,digitalagency.net,info@digitalagency.net,not safe
125,fashionretail.com,customerservice@fashionretail.com,safe
126,entertainmentvenue.com,bookings@entertainmentvenue.com,not safe
127,softwaredevelopmentcompany.net,support@softwaredevelopmentcompany.net,safe
128,healthblog.org,editor@healthblog.org,not safe
129,travelcompany.com,info@travelcompany.com,safe
130,petcareclinic.net,appointments@petcareclinic.net,not safe
131,marketingfirm.com,inquiries@marketingfirm.com,safe
132,bloggingplatform.net,admin@bloggingplatform.net,not safe
133,technologywebsite.com,info@technologywebsite.com,safe
134,fitnesscenter.net,membership@fitnesscenter.net,not safe
135,creativeagency.com,contact@creativeagency.com,safe
136,videogamestudio.net,info@videogamestudio.net,not safe
137,fooddeliveryservice.net,orders@fooddeliveryservice.net,safe
138,educationportal.com,support@educationportal.com,not safe
139,artgallery.com,sales@artgallery.com,safe
140,softwareconsultingfirm.net,info@softwareconsultingfirm.net,not safe
141,hospitalityindustry.org,reservations@hospitalityindustry.org,safe
142,socialnetworkingplatform.com,support@socialnetworkingplatform.com,not safe
143,fashiondesigner.org,designer@fashiondesigner.org,safe
144,techstartup.net,founders@techstartup.net,not safe
145,realestateagency.com,info@realestateagency.com,safe
146,petcareclinic.com,appointments@petcareclinic.com,not safe
147,marketingagency.org,contact@marketingagency.org,safe
148,cookingblog.com,recipes@cookingblog.com,not safe
149,healthandwellness.net,info@healthandwellness.net,safe
150,gamingplatform.net,support@gamingplatform.net,not safe
151,fashionretailer.org,support@fashionretailer.org,safe
152,technologyblog.net,editor@technologyblog.net,not safe
153,wellnesscenter.com,appointments@wellnesscenter.com,safe
154,designstudio.net,design@designstudio.net,not safe
155,softwaredeveloper.com,info@softwaredeveloper.com,safe
156,fooddelivery.net,orders@fooddelivery.net,not safe
157,consultingfirm.org,info@consultingfirm.org,safe
158,travelagency.org,vacations@travelagency.org,not safe
159,artgallery.net,inquiries@artgallery.net,safe
160,ecommerceplatform.net,support@ecommerceplatform.net,not safe
161,healthandfitness.net,info@healthandfitness.net,safe
162,gamingcommunity.net,support@gamingcommunity.net,not safe
163,fashionbrand.org,inquiries@fashionbrand.org,safe
164,techstartup.org,founders@techstartup.org,not safe
165,realtycompany.net,info@realtycompany.net,safe
166,petcare.org,info@petcare.org,not safe
167,digitalmarketingagency.com,contact@digitalmarketingagency.com,safe
168,softwarecompany.net,info@softwarecompany.net,not safe
169,musicproductionstudio.net,bookings@musicproductionstudio.net,safe
170,educationalplatform.com,support@educationalplatform.com,not safe
171,eventplanningcompany.net,events@eventplanningcompany.net,safe
172,freelancemarketplace.net,support@freelancemarketplace.net,not safe
173,healthcareprovider.com,info@healthcareprovider.com,safe
174,photographywebsite.net,contact@photographywebsite.net,not safe
175,nonprofit.com,donations@nonprofit.com,safe
176,digitalagency.com,info@digitalagency.com,not safe
177,fashionretail.net,customerservice@fashionretail.net,safe
178,entertainmentvenue.net,bookings@entertainmentvenue.net,not safe
179,softwaredevelopmentcompany.com,support@softwaredevelopmentcompany.com,safe
180,healthblog.net,editor@healthblog.net,not safe
181,travelcompany.net,info@travelcompany.net,safe
182,petcareclinic.net,appointments@petcareclinic.net,not safe
183,marketingfirm.net,inquiries@marketingfirm.net,safe
184,bloggingplatform.org,admin@bloggingplatform.org,not safe
185,technologywebsite.net,info@technologywebsite.net,safe
186,fitnesscenter.org,membership@fitnesscenter.org,not safe
187,creativeagency.net,contact@creativeagency.net,safe
188,videogamestudio.com,info@videogamestudio.com,not safe
189,fooddeliveryservice.net,orders@fooddeliveryservice.net,safe
190,educationportal.net,support@educationportal.net,not safe
191,artgallery.org,sales@artgallery.org,safe
192,softwareconsultingfirm.com,info@softwareconsultingfirm.com,not safe
193,hospitalityindustry.com,reservations@hospitalityindustry.com,safe
194,socialnetworkingplatform.net,support@socialnetworkingplatform.net,not safe
195,fashiondesigner.com,designer@fashiondesigner.com,safe
196,techstartup.net,founders@techstartup.net,not safe
197,realestateagency.net,info@realestateagency.net,safe
198,petcareclinic.com,appointments@petcareclinic.com,not safe
199,marketingagency.net,contact@marketingagency.net,safe
200,cookingblog.net,recipes@cookingblog.net,not safe
201,healthandfitness.org,info@healthandfitness.org,safe
202,gamingplatform.com,support@gamingplatform.com,not safe
203,fashionretailer.org,support@fashionretailer.org,safe
204,technologyblog.net,editor@technologyblog.net,not safe
205,wellnesscenter.com,appointments@wellnesscenter.com,safe
206,designstudio.net,design@designstudio.net,not safe
207,softwaredeveloper.com,info@softwaredeveloper.com,safe
208,fooddelivery.net,orders@fooddelivery.net,not safe
209,consultingfirm.org,info@consultingfirm.org,safe
210,travelagency.org,vacations@travelagency.org,not safe
211,artgallery.net,inquiries@artgallery.net,safe
212,ecommerceplatform.net,support@ecommerceplatform.net,not safe
213,healthandfitness.net,info@healthandfitness.net,safe
214,gamingcommunity.net,support@gamingcommunity.net,not safe
215,fashionbrand.org,inquiries@fashionbrand.org,safe
216,techstartup.org,founders@techstartup.org,not safe
217,realtycompany.net,info@realtycompany.net,safe
218,petcare.org,info@petcare.org,not safe
219,digitalmarketingagency.com,contact@digitalmarketingagency.com,safe
220,softwarecompany.net,info@softwarecompany.net,not safe
221,musicproductionstudio.net,bookings@musicproductionstudio.net,safe
222,educationalplatform.com,support@educationalplatform.com,not safe
223,eventplanningcompany.net,events@eventplanningcompany.net,safe
224,freelancemarketplace.net,support@freelancemarketplace.net,not safe
225,healthcareprovider.com,info@healthcareprovider.com,safe
226,photographywebsite.net,contact@photographywebsite.net,not safe
227,nonprofit.com,donations@nonprofit.com,safe
228,digitalagency.com,info@digitalagency.com,not safe
229,fashionretail.net,customerservice@fashionretail.net,safe
230,entertainmentvenue.net,bookings@entertainmentvenue.net,not safe
231,softwaredevelopmentcompany.com,support@softwaredevelopmentcompany.com,safe
232,healthblog.net,editor@healthblog.net,not safe
233,travelcompany.net,info@travelcompany.net,safe
234,petcareclinic.net,appointments@petcareclinic.net,not safe
235,marketingfirm.net,inquiries@marketingfirm.net,safe
236,bloggingplatform.org,admin@bloggingplatform.org,not safe
237,technologywebsite.net,info@technologywebsite.net,safe
238,fitnesscenter.org,membership@fitnesscenter.org,not safe
239,creativeagency.net,contact@creativeagency.net,safe
240,videogamestudio.com,info@videogamestudio.com,not safe
241,fooddeliveryservice.net,orders@fooddeliveryservice.net,safe
242,educationportal.net,support@educationportal.net,not safe
243,artgallery.org,sales@artgallery.org,safe
244,softwareconsultingfirm.com,info@softwareconsultingfirm.com,not safe
245,hospitalityindustry.com,reservations@hospitalityindustry.com,safe
246,socialnetworkingplatform.net,support@socialnetworkingplatform.net,not safe
247,fashiondesigner.com,designer@fashiondesigner.com,safe
248,techstartup.net,founders@techstartup.net,not safe
249,realestateagency.net,info@realestateagency.net,safe
250,petcareclinic.com,appointments@petcareclinic.com,not safe
251,marketingagency.net,contact@marketingagency.net,safe
252,cookingblog.net,recipes@cookingblog.net,not safe
253,healthandfitness.com,info@healthandfitness.com,safe
254,gamingplatform.net,support@gamingplatform.net,not safe
255,fashionretailer.com,support@fashionretailer.com,safe
256,technologyblog.com,editor@technologyblog.com,not safe
257,wellnesscenter.net,appointments@wellnesscenter.net,safe
258,designstudio.com,design@designstudio.com,not safe
259,softwaredeveloper.net,info@softwaredeveloper.net,safe
260,fooddelivery.com,orders@fooddelivery.com,not safe
261,consultingfirm.com,info@consultingfirm.com,safe
262,travelagency.com,vacations@travelagency.com,not safe
263,artgallery.com,inquiries@artgallery.com,safe
264,ecommerceplatform.com,support@ecommerceplatform.com,not safe
265,healthandfitness.com,info@healthandfitness.com,safe
266,gamingcommunity.com,support@gamingcommunity.com,not safe
267,fashionbrand.com,inquiries@fashionbrand.com,safe
268,techstartup.com,founders@techstartup.com,not safe
269,realtycompany.com,info@realtycompany.com,safe
270,petcare.com,info@petcare.com,not safe
271,digitalmarketingagency.net,contact@digitalmarketingagency.net,safe
272,softwarecompany.com,info@softwarecompany.com,not safe
273,musicproductionstudio.com,bookings@musicproductionstudio.com,safe
274,educationalplatform.net,support@educationalplatform.net,not safe
275,eventplanningcompany.com,events@eventplanningcompany.com,safe
276,freelancemarketplace.com,support@freelancemarketplace.com,not safe
277,healthcareprovider.net,info@healthcareprovider.net,safe
278,photographywebsite.com,contact@photographywebsite.com,not safe
279,nonprofit.org,donations@nonprofit.org,safe
280,digitalagency.net,info@digitalagency.net,not safe
281,fashionretail.com,customerservice@fashionretail.com,safe
282,entertainmentvenue.com,bookings@entertainmentvenue.com,not safe
283,softwaredevelopmentcompany.net,support@softwaredevelopmentcompany.net,safe
284,healthblog.org,editor@healthblog.org,not safe
285,travelcompany.com,info@travelcompany.com,safe
286,petcareclinic.com,appointments@petcareclinic.com,not safe
287,marketingfirm.com,inquiries@marketingfirm.com,safe
288,bloggingplatform.com,admin@bloggingplatform.com,not safe
289,technologywebsite.com,info@technologywebsite.com,safe
290,fitnesscenter.com,membership@fitnesscenter.com,not safe
291,creativeagency.com,contact@creativeagency.com,safe
292,videogamestudio.net,info@videogamestudio.net,not safe
293,fooddeliveryservice.com,orders@fooddeliveryservice.com,safe
294,educationportal.com,support@educationportal.com,not safe
295,artgallery.com,sales@artgallery.com,safe
296,softwareconsultingfirm.net,info@softwareconsultingfirm.net,not safe
297,hospitalityindustry.net,reservations@hospitalityindustry.net,safe
298,socialnetworkingplatform.com,support@socialnetworkingplatform.com,not safe
299,fashiondesigner.net,designer@fashiondesigner.net,safe
300,techstartup.com,founders@techstartup.com,not safe
301,realestateagency.com,info@realestateagency.com,safe
302,petcareclinic.net,appointments@petcareclinic.net,not safe
303,marketingagency.com,contact@marketingagency.com,safe
304,cookingblog.com,recipes@cookingblog.com,not safe
305,healthandfitness.net,info@healthandfitness.net,safe
306,gamingplatform.net,support@gamingplatform.net,not safe
307,fashionretailer.net,support@fashionretailer.net,safe
308,technologyblog.net,editor@technologyblog.net,not safe
309,wellnesscenter.net,appointments@wellnesscenter.net,safe
310,designstudio.net,design@designstudio.net,not safe
311,softwaredeveloper.com,info@softwaredeveloper.com,safe
312,fooddelivery.net,orders@fooddelivery.net,not safe
313,consultingfirm.net,info@consultingfirm.net,safe
314,travelagency.net,vacations@travelagency.net,not safe
315,artgallery.net,inquiries@artgallery.net,safe
316,ecommerceplatform.net,support@ecommerceplatform.net,not safe
317,healthandfitness.net,info@healthandfitness.net,safe
318,gamingcommunity.net,support@gamingcommunity.net,not safe
319,fashionbrand.net,inquiries@fashionbrand.net,safe
320,techstartup.net,founders@techstartup.net,not safe
321,realtycompany.net,info@realtycompany.net,safe
322,petcare.net,info@petcare.net,not safe
323,digitalmarketingagency.com,contact@digitalmarketingagency.com,safe
324,softwarecompany.net,info@softwarecompany.net,not safe
325,musicproductionstudio.net,bookings@musicproductionstudio.net,safe
326,educationalplatform.com,support@educationalplatform.com,not safe
327,eventplanningcompany.net,events@eventplanningcompany.net,safe
328,freelancemarketplace.net,support@freelancemarketplace.net,not safe
329,healthcareprovider.com,info@healthcareprovider.com,safe
330,photographywebsite.net,contact@photographywebsite.net,not safe
331,nonprofit.com,donations@nonprofit.com,safe
332,digitalagency.com,info@digitalagency.com,not safe
333,fashionretail.net,customerservice@fashionretail.net,safe
334,entertainmentvenue.net,bookings@entertainmentvenue.net,not safe
335,softwaredevelopmentcompany.com,support@softwaredevelopmentcompany.com,safe
336,healthblog.net,editor@healthblog.net,not safe
337,travelcompany.net,info@travelcompany.net,safe
338,petcareclinic.net,appointments@petcareclinic.net,not safe
339,marketingfirm.net,inquiries@marketingfirm.net,safe
340,bloggingplatform.org,admin@bloggingplatform.org,not safe
341,technologywebsite.net,info@technologywebsite.net,safe
342,fitnesscenter.org,membership@fitnesscenter.org,not safe
343,creativeagency.net,contact@creativeagency.net,safe
344,videogamestudio.com,info@videogamestudio.com,not safe
345,fooddeliveryservice.net,orders@fooddeliveryservice.net,safe
346,educationportal.net,support@educationportal.net,not safe
347,artgallery.org,sales@artgallery.org,safe
348,softwareconsultingfirm.com,info@softwareconsultingfirm.com,not safe
349,hospitalityindustry.com,reservations@hospitalityindustry.com,safe
350,socialnetworkingplatform.net,support@socialnetworkingplatform.net,not safe
351,fashiondesigner.com,designer@fashiondesigner.com,safe
352,techstartup.net,founders@techstartup.net,not safe
353,realestateagency.net,info@realestateagency.net,safe
354,petcareclinic.com,appointments@petcareclinic.com,not safe
355,marketingagency.net,contact@marketingagency.net,safe
356,cookingblog.net,recipes@cookingblog.net,not safe
357,healthandfitness.net,info@healthandfitness.net,safe
358,gamingplatform.net,support@gamingplatform.net,not safe
359,fashionretailer.net,support@fashionretailer.net,safe
360,technologyblog.net,editor@technologyblog.net,not safe
361,wellnesscenter.net,appointments@wellnesscenter.net,safe
362,designstudio.net,design@designstudio.net,not safe
363,softwaredeveloper.com,info@softwaredeveloper.com,safe
364,fooddelivery.net,orders@fooddelivery.net,not safe
365,consultingfirm.net,info@consultingfirm.net,safe
366,travelagency.net,vacations@travelagency.net,not safe
367,artgallery.net,inquiries@artgallery.net,safe
368,ecommerceplatform.net,support@ecommerceplatform.net,not safe
369,healthandfitness.net,info@healthandfitness.net,safe
370,gamingcommunity.net,support@gamingcommunity.net,not safe
371,fashionbrand.net,inquiries@fashionbrand.net,safe
372,techstartup.net,founders@techstartup.net,not safe
373,realtycompany.net,info@realtycompany.net,safe
374,petcare.net,info@petcare.net,not safe
375,digitalmarketingagency.com,contact@digitalmarketingagency.com,safe
376,softwarecompany.net,info@softwarecompany.net,not safe
377,musicproductionstudio.net,bookings@musicproductionstudio.net,safe
378,educationalplatform.com,support@educationalplatform.com,not safe
379,eventplanningcompany.net,events@eventplanningcompany.net,safe
380,freelancemarketplace.net,support@freelancemarketplace.net,not safe
381,healthcareprovider.com,info@healthcareprovider.com,safe
382,photographywebsite.net,contact@photographywebsite.net,not safe
383,nonprofit.com,donations@nonprofit.com,safe
384,digitalagency.com,info@digitalagency.com,not safe
385,fashionretail.net,customerservice@fashionretail.net,safe
386,entertainmentvenue.net,bookings@entertainmentvenue.net,not safe
387,softwaredevelopmentcompany.net,support@softwaredevelopmentcompany.net,safe
388,healthblog.net,editor@healthblog.net,not safe
389,travelcompany.net,info@travelcompany.net,safe
390,petcareclinic.net,appointments@petcareclinic.net,not safe
391,marketingfirm.net,inquiries@marketingfirm.net,safe
392,bloggingplatform.org,admin@bloggingplatform.org,not safe
393,technologywebsite.net,info@technologywebsite.net,safe
394,fitnesscenter.org,membership@fitnesscenter.org,not safe
395,creativeagency.net,contact@creativeagency.net,safe
396,videogamestudio.com,info@videogamestudio.com,not safe
397,fooddeliveryservice.net,orders@fooddeliveryservice.net,safe
398,educationportal.net,support@educationportal.net,not safe
399,artgallery.com,sales@artgallery.com,safe
400,softwareconsultingfirm.com,info@softwareconsultingfirm.com,not safe
401,hospitalityindustry.net,reservations@hospitalityindustry.net,safe
402,socialnetworkingplatform.com,support@socialnetworkingplatform.com,not safe
403,fashiondesigner.net,designer@fashiondesigner.net,safe
404,techstartup.net,founders@techstartup.net,not safe
405,realestateagency.net,info@realestateagency.net,safe
406,petcareclinic.com,appointments@petcareclinic.com,not safe
407,marketingagency.com,contact@marketingagency.com,safe
408,cookingblog.com,recipes@cookingblog.com,not safe
409,healthandfitness.net,info@healthandfitness.net,safe
410,gamingplatform.net,support@gamingplatform.net,not safe
411,fashionretailer.net,support@fashionretailer.net,safe
412,technologyblog.net,editor@technologyblog.net,not safe
413,wellnesscenter.net,appointments@wellnesscenter.net,safe
414,designstudio.net,design@designstudio.net,not safe
415,softwaredeveloper.com,info@softwaredeveloper.com,safe
416,fooddelivery.net,orders@fooddelivery.net,not safe
417,consultingfirm.net,info@consultingfirm.net,safe
418,travelagency.net,vacations@travelagency.net,not safe
419,artgallery.net,inquiries@artgallery.net,safe
420,ecommerceplatform.net,support@ecommerceplatform.net,not safe
421,healthandfitness.net,info@healthandfitness.net,safe
422,gamingcommunity.net,support@gamingcommunity.net,not safe
423,fashionbrand.net,inquiries@fashionbrand.net,safe
424,techstartup.net,founders@techstartup.net,not safe
425,realtycompany.net,info@realtycompany.net,safe
426,petcare.net,info@petcare.net,not safe
427,digitalmarketingagency.com,contact@digitalmarketingagency.com,safe
428,softwarecompany.net,info@softwarecompany.net,not safe
429,musicproductionstudio.net,bookings@musicproductionstudio.net,safe
430,educationalplatform.com,support@educationalplatform.com,not safe
431,eventplanningcompany.net,events@eventplanningcompany.net,safe
432,freelancemarketplace.net,support@freelancemarketplace.net,not safe
433,healthcareprovider.com,info@healthcareprovider.com,safe
434,photographywebsite.net,contact@photographywebsite.net,not safe
435,nonprofit.com,donations@nonprofit.com,safe
436,digitalagency.com,info@digitalagency.com,not safe
437,fashionretail.net,customerservice@fashionretail.net,safe
438,entertainmentvenue.net,bookings@entertainmentvenue.net,not safe
439,softwaredevelopmentcompany.net,support@softwaredevelopmentcompany.net,safe
440,healthblog.net,editor@healthblog.net,not safe
441,travelcompany.net,info@travelcompany.net,safe
442,petcareclinic.net,appointments@petcareclinic.net,not safe
443,marketingfirm.net,inquiries@marketingfirm.net,safe
444,bloggingplatform.org,admin@bloggingplatform.org,not safe
445,technologywebsite.net,info@technologywebsite.net,safe
446,fitnesscenter.org,membership@fitnesscenter.org,not safe
447,creativeagency.net,contact@creativeagency.net,safe
448,videogamestudio.com,info@videogamestudio.com,not safe
449,fooddeliveryservice.net,orders@fooddeliveryservice.net,safe
450,educationportal.net,support@educationportal.net,not safe
451,artgallery.org,sales@artgallery.org,safe
452,softwareconsultingfirm.com,info@softwareconsultingfirm.com,not safe
453,hospitalityindustry.com,reservations@hospitalityindustry.com,safe
454,socialnetworkingplatform.net,support@socialnetworkingplatform.net,not safe
455,fashiondesigner.com,designer@fashiondesigner.com,safe
456,techstartup.net,founders@techstartup.net,not safe
457,realestateagency.com,info@realestateagency.com,safe
458,petcareclinic.com,appointments@petcareclinic.com,not safe
459,marketingagency.com,contact@marketingagency.com,safe
460,cookingblog.com,recipes@cookingblog.com,not safe
461,healthandfitness.net,info@healthandfitness.net,safe
462,gamingplatform.net,support@gamingplatform.net,not safe
463,fashionretailer.net,support@fashionretailer.net,safe
464,technologyblog.net,editor@technologyblog.net,not safe
465,wellnesscenter.net,appointments@wellnesscenter.net,safe
466,designstudio.net,design@designstudio.net,not safe
467,softwaredeveloper.com,info@softwaredeveloper.com,safe
468,fooddelivery.net,orders@fooddelivery.net,not safe
469,consultingfirm.net,info@consultingfirm.net,safe
470,travelagency.net,vacations@travelagency.net,not safe
471,artgallery.net,inquiries@artgallery.net,safe
472,ecommerceplatform.net,support@ecommerceplatform.net,not safe
473,healthandfitness.net,info@healthandfitness.net,safe
474,gamingcommunity.net,support@gamingcommunity.net,not safe
475,fashionbrand.net,inquiries@fashionbrand.net,safe
476,techstartup.net,founders@techstartup.net,not safe
477,realtycompany.net,info@realtycompany.net,safe
478,petcare.net,info@petcare.net,not safe
479,digitalmarketingagency.com,contact@digitalmarketingagency.com,safe
480,softwarecompany.net,info@softwarecompany.net,not safe
481,musicproductionstudio.net,bookings@musicproductionstudio.net,safe
482,educationalplatform.com,support@educationalplatform.com,not safe
483,eventplanningcompany.net,events@eventplanningcompany.net,safe
484,freelancemarketplace.net,support@freelancemarketplace.net,not safe
485,healthcareprovider.com,info@healthcareprovider.com,safe
486,photographywebsite.net,contact@photographywebsite.net,not safe
487,nonprofit.com,donations@nonprofit.com,safe
488,digitalagency.com,info@digitalagency.com,not safe
489,fashionretail.net,customerservice@fashionretail.net,safe
490,entertainmentvenue.net,bookings@entertainmentvenue.net,not safe
491,softwaredevelopmentcompany.net,support@softwaredevelopmentcompany.net,safe
492,healthblog.net,editor@healthblog.net,not safe
493,travelcompany.net,info@travelcompany.net,safe
494,petcareclinic.net,appointments@petcareclinic.net,not safe
495,marketingfirm.net,inquiries@marketingfirm.net,safe
496,bloggingplatform.org,admin@bloggingplatform.org,not safe
497,technologywebsite.net,info@technologywebsite.net,safe
498,fitnesscenter.org,membership@fitnesscenter.org,not safe
499,creativeagency.net,contact@creativeagency.net,safe
500,videogamestudio.com,info@videogamestudio.com,not safe
501,fooddeliveryservice.net,orders@fooddeliveryservice.net,safe
502,educationportal.net,support@educationportal.net,not safe
503,artgallery.org,sales@artgallery.org,safe
504,softwareconsultingfirm.com,info@softwareconsultingfirm.com,not safe
505,hospitalityindustry.com,reservations@hospitalityindustry.com,safe
506,socialnetworkingplatform.net,support@socialnetworkingplatform.net,not safe
507,fashiondesigner.com,designer@fashiondesigner.com,safe
508,techstartup.net,founders@techstartup.net,not safe
509,realestateagency.com,info@realestateagency.com,safe
510,petcareclinic.com,appointments@petcareclinic.com,not safe
511,marketingagency.com,contact@marketingagency.com,safe
512,cookingblog.com,recipes@cookingblog.com,not safe
513,healthandfitness.net,info@healthandfitness.net,safe
514,gamingplatform.net,support@gamingplatform.net,not safe
515,fashionretailer.net,support@fashionretailer.net,safe
516,technologyblog.net,editor@technologyblog.net,not safe
517,wellnesscenter.net,appointments@wellnesscenter.net,safe
518,designstudio.net,design@designstudio.net,not safe
519,softwaredeveloper.com,info@softwaredeveloper.com,safe
520,fooddelivery.net,orders@fooddelivery.net,not safe
521,consultingfirm.net,info@consultingfirm.net,safe
522,travelagency.net,vacations@travelagency.net,not safe
523,artgallery.net,inquiries@artgallery.net,safe
524,ecommerceplatform.net,support@ecommerceplatform.net,not safe
525,healthandfitness.net,info@healthandfitness.net,safe
526,gamingcommunity.net,support@gamingcommunity.net,not safe
527,fashionbrand.net,inquiries@fashionbrand.net,safe
528,techstartup.net,founders@techstartup.net,not safe
529,realtycompany.net,info@realtycompany.net,safe
530,petcare.net,info@petcare.net,not safe
531,digitalmarketingagency.com,contact@digitalmarketingagency.com,safe
532,softwarecompany.net,info@softwarecompany.net,not safe
533,musicproductionstudio.net,bookings@musicproductionstudio.net,safe
534,educationalplatform.com,support@educationalplatform.com,not safe
535,eventplanningcompany.net,events@eventplanningcompany.net,safe
536,freelancemarketplace.net,support@freelancemarketplace.net,not safe
537,healthcareprovider.com,info@healthcareprovider.com,safe
538,photographywebsite.net,contact@photographywebsite.net,not safe
539,nonprofit.com,donations@nonprofit.com,safe
540,digitalagency.com,info@digitalagency.com,not safe
541,fashionretail.net,customerservice@fashionretail.net,safe
542,entertainmentvenue.net,bookings@entertainmentvenue.net,not safe
543,softwaredevelopmentcompany.net,support@softwaredevelopmentcompany.net,safe
544,healthblog.net,editor@healthblog.net,not safe
545,travelcompany.net,info@travelcompany.net,safe
546,petcareclinic.net,appointments@petcareclinic.net,not safe
547,marketingfirm.net,inquiries@marketingfirm.net,safe
548,bloggingplatform.org,admin@bloggingplatform.org,not safe
549,technologywebsite.net,info@technologywebsite.net,safe
550,fitnesscenter.org,membership@fitnesscenter.org,not safe
551,creativeagency.net,contact@creativeagency.net,safe
552,videogamestudio.com,info@videogamestudio.com,not safe
553,fooddeliveryservice.net,orders@fooddeliveryservice.net,safe
554,educationportal.net,support@educationportal.net,not safe
555,artgallery.org,sales@artgallery.org,safe
556,softwareconsultingfirm.com,info@softwareconsultingfirm.com,not safe
557,hospitalityindustry.com,reservations@hospitalityindustry.com,safe
558,socialnetworkingplatform.net,support@socialnetworkingplatform.net,not safe
559,fashiondesigner.com,designer@fashiondesigner.com,safe
560,techstartup.net,founders@techstartup.net,not safe
561,realestateagency.net,info@realestateagency.net,safe
562,petcareclinic.com,appointments@petcareclinic.com,not safe
563,marketingagency.com,contact@marketingagency.com,safe
564,cookingblog.com,recipes@cookingblog.com,not safe
565,healthandfitness.net,info@healthandfitness.net,safe
566,gamingplatform.net,support@gamingplatform.net,not safe
567,fashionretailer.net,support@fashionretailer.net,safe
568,technologyblog.net,editor@technologyblog.net,not safe
569,wellnesscenter.net,appointments@wellnesscenter.net,safe
570,designstudio.net,design@designstudio.net,not safe
571,softwaredeveloper.com,info@softwaredeveloper.com,safe
572,fooddelivery.net,orders@fooddelivery.net,not safe
573,consultingfirm.net,info@consultingfirm.net,safe
574,travelagency.net,vacations@travelagency.net,not safe
575,artgallery.net,inquiries@artgallery.net,safe
576,ecommerceplatform.net,support@ecommerceplatform.net,not safe
577,healthandfitness.net,info@healthandfitness.net,safe
578,gamingcommunity.net,support@gamingcommunity.net,not safe
579,fashionbrand.net,inquiries@fashionbrand.net,safe
580,techstartup.net,founders@techstartup.net,not safe
581,realtycompany.net,info@realtycompany.net,safe
582,petcare.net,info@petcare.net,not safe
583,digitalmarketingagency.com,contact@digitalmarketingagency.com,safe
584,softwarecompany.net,info@softwarecompany.net,not safe
585,musicproductionstudio.net,bookings@musicproductionstudio.net,safe
586,educationalplatform.com,support@educationalplatform.com,not safe
587,eventplanningcompany.net,events@eventplanningcompany.net,safe
588,freelancemarketplace.net,support@freelancemarketplace.net,not safe
589,healthcareprovider.com,info@healthcareprovider.com,safe
590,photographywebsite.net,contact@photographywebsite.net,not safe
591,nonprofit.com,donations@nonprofit.com,safe
592,digitalagency.com,info@digitalagency.com,not safe
593,fashionretail.net,customerservice@fashionretail.net,safe
594,entertainmentvenue.net,bookings@entertainmentvenue.net,not safe
595,softwaredevelopmentcompany.net,support@softwaredevelopmentcompany.net,safe
596,healthblog.net,editor@healthblog.net,not safe
597,travelcompany.net,info@travelcompany.net,safe
598,petcareclinic.net,appointments@petcareclinic.net,not safe
599,marketingfirm.net,inquiries@marketingfirm.net,safe
600,bloggingplatform.org,admin@bloggingplatform.org,not safe
